,Company Name,Industry,Symbol,Series,ISIN Code,Ticker,Name,Weight,Shares,Price
0,360 ONE WAM Ltd,Financial Services,360ONE,EQ,INE466L01038,360ONE IS Equity,360 ONE WAM Ltd,--,--,964.7
1,3M India Ltd,Diversified,3MINDIA,EQ,INE470A01017,3M IS Equity,3M India Ltd,--,--,38768.1016
2,ABB India Ltd,Capital Goods,ABB,EQ,INE117A01022,ABB IS Equity,ABB India Ltd,--,--,8679.4004
3,ACC Ltd,Construction Materials,ACC,EQ,INE012A01025,ACC IS Equity,ACC Ltd,--,--,2669.5
4,AIA Engineering Ltd,Capital Goods,AIAENG,EQ,INE212H01026,AIAE IS Equity,AIA Engineering Ltd,--,--,4262.3501
5,APL Apollo Tubes Ltd,Capital Goods,APLAPOLLO,EQ,INE702C01027,APAT IS Equity,APL Apollo Tubes Ltd,--,--,1569.65
6,AU Small Finance Bank Ltd,Financial Services,AUBANK,EQ,INE949L01017,AUBANK IS Equity,AU Small Finance Bank Ltd,--,--,672.6
7,Aarti Industries Ltd,Chemicals,AARTIIND,EQ,INE769A01020,ARTO IS Equity,Aarti Industries Ltd,--,--,721.9
8,Aavas Financiers Ltd,Financial Services,AAVAS,EQ,INE216P01012,AAVAS IS Equity,Aavas Financiers Ltd,--,--,1779.05
9,Abbott India Ltd,Healthcare,ABBOTINDIA,EQ,INE358A01014,BOOT IS Equity,Abbott India Ltd,--,--,27823.4492
10,Action Construction Equipment Ltd,Capital Goods,ACE,EQ,INE731H01025,ACCE IS Equity,Action Construction Equipment Ltd,--,--,1492.3
11,Adani Energy Solutions Ltd,Power,ADANIENSOL,EQ,INE931S01010,ADANIENS IS Equity,Adani Energy Solutions Ltd,--,--,1012.65
12,Adani Enterprises Ltd,Metals & Mining,ADANIENT,EQ,INE423A01024,ADE IS Equity,Adani Enterprises Ltd,--,--,3147.8999
13,Adani Green Energy Ltd,Power,ADANIGREEN,EQ,INE364U01010,ADANIGR IS Equity,Adani Green Energy Ltd,--,--,1754.3
14,Adani Power Ltd,Power,ADANIPOWER,EQ,INE814H01011,ADANI IS Equity,Adani Power Ltd,--,--,708.9
15,Adani Total Gas Ltd,Oil Gas & Consumable Fuels,ATGL,EQ,INE399L01023,ATGL IS Equity,Adani Total Gas Ltd,--,--,891.05
16,Adani Wilmar Ltd,Fast Moving Consumer Goods,AWL,EQ,INE699H01024,AWLTD IS Equity,Adani Wilmar Ltd,--,--,332.9
17,Aditya Birla Capital Ltd,Financial Services,ABCAPITAL,EQ,INE674K01013,ABCAP IS Equity,Aditya Birla Capital Ltd,--,--,236.01
18,Aditya Birla Fashion and Retail Ltd,Consumer Services,ABFRL,EQ,INE647O01011,ABFRL IS Equity,Aditya Birla Fashion and Retail Ltd,--,--,327.65
19,Aegis Logistics Ltd,Oil Gas & Consumable Fuels,AEGISLOG,EQ,INE208C01025,AEGISLOG IS Equity,Aegis Logistics Ltd,--,--,922.0
20,Aether Industries Ltd,Chemicals,AETHER,EQ,INE0BWX01014,AETHER IS Equity,Aether Industries Ltd,--,--,917.3
21,Alembic Pharmaceuticals Ltd,Healthcare,APLLTD,EQ,INE901L01018,ALPM IS Equity,Alembic Pharmaceuticals Ltd,--,--,989.05
22,Alkem Laboratories Ltd,Healthcare,ALKEM,EQ,INE540L01014,ALKEM IS Equity,Alkem Laboratories Ltd,--,--,5063.5498
23,Allcargo Logistics Ltd,Services,ALLCARGO,EQ,INE418H01029,AGLL IS Equity,Allcargo Logistics Ltd,--,--,64.46
24,Alok Industries Ltd,Textiles,ALOKINDS,EQ,INE270A01029,ALOK IS Equity,Alok Industries Ltd,--,--,28.28
25,Amara Raja Energy & Mobility Ltd,Automobile and Auto Components,ARE&M,EQ,INE885A01032,ARENM IS Equity,Amara Raja Energy & Mobility Ltd,--,--,1694.65
26,Amber Enterprises India Ltd,Consumer Durables,AMBER,EQ,INE371P01015,AMBER IS Equity,Amber Enterprises India Ltd,--,--,4503.7998
27,Ambuja Cements Ltd,Construction Materials,AMBUJACEM,EQ,INE079A01024,ACEM IS Equity,Ambuja Cements Ltd,--,--,686.0
28,Anand Rathi Wealth Ltd,Financial Services,ANANDRATHI,EQ,INE463V01026,ANANDRAT IS Equity,Anand Rathi Wealth Ltd,--,--,4010.25
29,Angel One Ltd,Financial Services,ANGELONE,EQ,INE732I01013,ANGELONE IS Equity,Angel One Ltd,--,--,2363.6001
30,Anupam Rasayan India Ltd,Chemicals,ANURAS,EQ,INE930P01018,ANURAS IS Equity,Anupam Rasayan India Ltd,--,--,762.75
31,Apar Industries Ltd,Capital Goods,APARINDS,EQ,INE372A01015,APR IS Equity,Apar Industries Ltd,--,--,8861.5498
32,Apollo Hospitals Enterprise Ltd,Healthcare,APOLLOHOSP,EQ,INE437A01024,APHS IS Equity,Apollo Hospitals Enterprise Ltd,--,--,6328.5498
33,Apollo Tyres Ltd,Automobile and Auto Components,APOLLOTYRE,EQ,INE438A01022,APTY IS Equity,Apollo Tyres Ltd,--,--,524.35
34,Aptus Value Housing Finance India Ltd,Financial Services,APTUS,EQ,INE852O01025,APTUS IS Equity,Aptus Value Housing Finance India Ltd,--,--,340.05
35,Archean Chemical Industries Ltd,Chemicals,ACI,EQ,INE128X01021,ACI IS Equity,Archean Chemical Industries Ltd,--,--,747.05
36,Asahi India Glass Ltd,Automobile and Auto Components,ASAHIINDIA,EQ,INE439A01020,AISG IS Equity,Asahi India Glass Ltd,--,--,690.45
37,Ashok Leyland Ltd,Capital Goods,ASHOKLEY,EQ,INE208A01029,AL IS Equity,Ashok Leyland Ltd,--,--,229.56
38,Asian Paints Ltd,Consumer Durables,ASIANPAINT,EQ,INE021A01026,APNT IS Equity,Asian Paints Ltd,--,--,2935.8999
39,Aster DM Healthcare Ltd,Healthcare,ASTERDM,EQ,INE914M01019,ASTERDM IS Equity,Aster DM Healthcare Ltd,--,--,340.1
40,Astral Ltd,Capital Goods,ASTRAL,EQ,INE006I01046,ASTRA IS Equity,Astral Ltd,--,--,2406.25
41,Atul Ltd,Chemicals,ATUL,EQ,INE100A01010,ATLP IS Equity,Atul Ltd,--,--,6756.0
42,Aurobindo Pharma Ltd,Healthcare,AUROPHARMA,EQ,INE406A01037,ARBP IS Equity,Aurobindo Pharma Ltd,--,--,1303.55
43,Avanti Feeds Ltd,Fast Moving Consumer Goods,AVANTIFEED,EQ,INE871C01038,AVNT IS Equity,Avanti Feeds Ltd,--,--,610.55
44,Avenue Supermarts Ltd,Consumer Services,DMART,EQ,INE192R01011,DMART IS Equity,Avenue Supermarts Ltd,--,--,4853.1001
45,Axis Bank Ltd,Financial Services,AXISBANK,EQ,INE238A01034,AXSB IS Equity,Axis Bank Ltd,--,--,1287.05
46,BEML Ltd,Capital Goods,BEML,EQ,INE258A01016,BEML IS Equity,BEML Ltd,--,--,5059.9502
47,BLS International Services Ltd,Consumer Services,BLS,EQ,INE153T01027,BLSIN IS Equity,BLS International Services Ltd,--,--,379.4
48,BSE Ltd,Financial Services,BSE,EQ,INE118H01025,BSE IS Equity,BSE Ltd,--,--,2405.3501
49,Bajaj Auto Ltd,Automobile and Auto Components,BAJAJ-AUTO,EQ,INE917I01010,BJAUT IS Equity,Bajaj Auto Ltd,--,--,9635.7998
50,Bajaj Finance Ltd,Financial Services,BAJFINANCE,EQ,INE296A01024,BAF IS Equity,Bajaj Finance Ltd,--,--,7138.0
51,Bajaj Finserv Ltd,Financial Services,BAJAJFINSV,EQ,INE918I01026,BJFIN IS Equity,Bajaj Finserv Ltd,--,--,1579.6
52,Bajaj Holdings & Investment Ltd,Financial Services,BAJAJHLDNG,EQ,INE118A01012,BJHI IS Equity,Bajaj Holdings & Investment Ltd,--,--,9667.5996
53,Balaji Amines Ltd,Chemicals,BALAMINES,EQ,INE050E01027,BLA IS Equity,Balaji Amines Ltd,--,--,2377.8501
54,Balkrishna Industries Ltd,Automobile and Auto Components,BALKRISIND,EQ,INE787D01026,BIL IS Equity,Balkrishna Industries Ltd,--,--,3177.5
55,Balrampur Chini Mills Ltd,Fast Moving Consumer Goods,BALRAMCHIN,EQ,INE119A01028,BRCM IS Equity,Balrampur Chini Mills Ltd,--,--,426.6
56,Bandhan Bank Ltd,Financial Services,BANDHANBNK,EQ,INE545U01014,BANDHAN IS Equity,Bandhan Bank Ltd,--,--,204.33
57,Bank of Baroda,Financial Services,BANKBARODA,EQ,INE028A01039,BOB IS Equity,Bank of Baroda,--,--,273.8
58,Bank of India,Financial Services,BANKINDIA,EQ,INE084A01016,BOI IS Equity,Bank of India,--,--,120.45
59,Bank of Maharashtra,Financial Services,MAHABANK,EQ,INE457A01014,BOMH IS Equity,Bank of Maharashtra,--,--,63.77
60,Bata India Ltd,Consumer Durables,BATAINDIA,EQ,INE176A01028,BATA IS Equity,Bata India Ltd,--,--,1507.65
61,Berger Paints India Ltd,Consumer Durables,BERGEPAINT,EQ,INE463A01038,BRGR IS Equity,Berger Paints India Ltd,--,--,514.4
62,Bharat Dynamics Ltd,Capital Goods,BDL,EQ,INE171Z01026,BDL IS Equity,Bharat Dynamics Ltd,--,--,1731.85
63,Bharat Electronics Ltd,Capital Goods,BEL,EQ,INE263A01024,BHE IS Equity,Bharat Electronics Ltd,--,--,324.05
64,Bharat Forge Ltd,Automobile and Auto Components,BHARATFORG,EQ,INE465A01025,BHFC IS Equity,Bharat Forge Ltd,--,--,1672.25
65,Bharat Heavy Electricals Ltd,Capital Goods,BHEL,EQ,INE257A01026,BHEL IS Equity,Bharat Heavy Electricals Ltd,--,--,316.4
66,Bharti Airtel Ltd,Telecommunication,BHARTIARTL,EQ,INE397D01024,BHARTI IS Equity,Bharti Airtel Ltd,--,--,1429.7
67,Bikaji Foods International Ltd,Fast Moving Consumer Goods,BIKAJI,EQ,INE00E101023,BIKAJI IS Equity,Bikaji Foods International Ltd,--,--,706.65
68,Biocon Ltd,Healthcare,BIOCON,EQ,INE376G01013,BIOS IS Equity,Biocon Ltd,--,--,370.2
69,Birlasoft Ltd,Information Technology,BSOFT,EQ,INE836A01035,BSOFT IS Equity,Birlasoft Ltd,--,--,714.7
70,Blue Dart Express Ltd,Services,BLUEDART,EQ,INE233B01017,BDE IS Equity,Blue Dart Express Ltd,--,--,8226.9502
71,Blue Star Ltd,Consumer Durables,BLUESTARCO,EQ,INE472A01039,BLSTR IS Equity,Blue Star Ltd,--,--,1705.25
72,Borosil Renewables Ltd,Capital Goods,BORORENEW,EQ,INE666D01022,BORORENE IS Equity,Borosil Renewables Ltd,--,--,516.25
73,Bosch Ltd,Automobile and Auto Components,BOSCHLTD,EQ,INE323A01026,BOS IS Equity,Bosch Ltd,--,--,35074.0
74,Brigade Enterprises Ltd,Realty,BRIGADE,EQ,INE791I01019,BRGD IS Equity,Brigade Enterprises Ltd,--,--,1344.45
75,Britannia Industries Ltd,Fast Moving Consumer Goods,BRITANNIA,EQ,INE216A01030,BRIT IS Equity,Britannia Industries Ltd,--,--,5546.7998
76,CESC Ltd,Power,CESC,EQ,INE486A01021,CESC IS Equity,CESC Ltd,--,--,168.02
77,CIE Automotive India Ltd,Automobile and Auto Components,CIEINDIA,EQ,INE536H01010,CIEINDIA IS Equity,CIE Automotive India Ltd,--,--,612.15
78,CRISIL Ltd,Financial Services,CRISIL,EQ,INE007A01025,CRISIL IS Equity,CRISIL Ltd,--,--,4269.0
79,CSB Bank Ltd,Financial Services,CSBBANK,EQ,INE679A01013,CSBBANK IS Equity,CSB Bank Ltd,--,--,377.6
80,Campus Activewear Ltd,Consumer Durables,CAMPUS,EQ,INE278Y01022,CAMPUS IS Equity,Campus Activewear Ltd,--,--,294.0
81,Can Fin Homes Ltd,Financial Services,CANFINHOME,EQ,INE477A01020,CANF IS Equity,Can Fin Homes Ltd,--,--,886.9
82,Canara Bank,Financial Services,CANBK,EQ,INE476A01022,CBK IS Equity,Canara Bank,--,--,117.76
83,Caplin Point Laboratories Ltd,Healthcare,CAPLIPOINT,EQ,INE475E01026,CLPL IS Equity,Caplin Point Laboratories Ltd,--,--,1456.2
84,Capri Global Capital Ltd,Financial Services,CGCL,EQ,INE180C01042,CGCL IS Equity,Capri Global Capital Ltd,--,--,211.93
85,Carborundum Universal Ltd,Capital Goods,CARBORUNIV,EQ,INE120A01034,CU IS Equity,Carborundum Universal Ltd,--,--,1690.4
86,Castrol India Ltd,Oil Gas & Consumable Fuels,CASTROLIND,EQ,INE172A01027,CSTRL IS Equity,Castrol India Ltd,--,--,254.02
87,Ceat Ltd,Automobile and Auto Components,CEATLTD,EQ,INE482A01020,CEAT IS Equity,Ceat Ltd,--,--,2693.6001
88,Cello World Ltd,Consumer Durables,CELLO,EQ,INE0LMW01024,CELLO IS Equity,Cello World Ltd,--,--,969.4
89,Cera Sanitaryware Ltd,Consumer Durables,CERA,EQ,INE739E01017,CRS IS Equity,Cera Sanitaryware Ltd,--,--,9154.7002
90,Chalet Hotels Ltd,Consumer Services,CHALET,EQ,INE427F01016,CHALET IS Equity,Chalet Hotels Ltd,--,--,849.75
91,Chemplast Sanmar Ltd,Chemicals,CHEMPLASTS,EQ,INE488A01050,CHEMPLAS IS Equity,Chemplast Sanmar Ltd,--,--,550.05
92,Cholamandalam Financial Holdings Ltd,Financial Services,CHOLAHLDNG,EQ,INE149A01033,CHOLAHLD IS Equity,Cholamandalam Financial Holdings Ltd,--,--,1457.6
93,City Union Bank Ltd,Financial Services,CUB,EQ,INE491A01021,CUBK IS Equity,City Union Bank Ltd,--,--,169.99
94,Coal India Ltd,Oil Gas & Consumable Fuels,COALINDIA,EQ,INE522F01014,COAL IS Equity,Coal India Ltd,--,--,491.5
95,Cochin Shipyard Ltd,Capital Goods,COCHINSHIP,EQ,INE704P01025,COCHIN IS Equity,Cochin Shipyard Ltd,--,--,2837.6001
96,Coforge Ltd,Information Technology,COFORGE,EQ,INE591G01017,COFORGE IS Equity,Coforge Ltd,--,--,5870.1499
97,Computer Age Management Services Ltd,Financial Services,CAMS,EQ,INE596I01012,CAMS IS Equity,Computer Age Management Services Ltd,--,--,3765.3
98,Concord Biotech Ltd,Healthcare,CONCORDBIO,EQ,INE338H01029,CONCORDB IS Equity,Concord Biotech Ltd,--,--,1683.7
99,Coromandel International Ltd,Chemicals,COROMANDEL,EQ,INE169A01031,CRIN IS Equity,Coromandel International Ltd,--,--,1592.75
100,Craftsman Automation Ltd,Automobile and Auto Components,CRAFTSMAN,EQ,INE00LO01017,CRAFTSMA IS Equity,Craftsman Automation Ltd,--,--,5681.6001
101,CreditAccess Grameen Ltd,Financial Services,CREDITACC,EQ,INE741K01010,CREDAG IS Equity,CreditAccess Grameen Ltd,--,--,1329.85
102,Crompton Greaves Consumer Electricals Ltd,Consumer Durables,CROMPTON,EQ,INE299U01018,CROMPTON IS Equity,Crompton Greaves Consumer Electricals Ltd,--,--,409.7
103,Cummins India Ltd,Capital Goods,CUMMINSIND,EQ,INE298A01020,KKC IS Equity,Cummins India Ltd,--,--,4134.0
104,Cyient Ltd,Information Technology,CYIENT,EQ,INE136B01020,CYL IS Equity,Cyient Ltd,--,--,1792.55
105,DCM Shriram Ltd,Diversified,DCMSHRIRAM,EQ,INE499A01024,DCMS IS Equity,DCM Shriram Ltd,--,--,1016.4
106,DLF Ltd,Realty,DLF,EQ,INE271C01023,DLFU IS Equity,DLF Ltd,--,--,832.8
107,Dabur India Ltd,Fast Moving Consumer Goods,DABUR,EQ,INE016A01026,DABUR IS Equity,Dabur India Ltd,--,--,606.45
108,Dalmia Bharat Ltd,Construction Materials,DALBHARAT,EQ,INE00R701025,DALBHARA IS Equity,Dalmia Bharat Ltd,--,--,1858.15
109,Deepak Nitrite Ltd,Chemicals,DEEPAKNTR,EQ,INE288B01029,DN IS Equity,Deepak Nitrite Ltd,--,--,2687.8
110,Delhivery Ltd,Services,DELHIVERY,EQ,INE148O01028,DELHIVER IS Equity,Delhivery Ltd,--,--,395.55
111,Devyani International Ltd,Consumer Services,DEVYANI,EQ,INE872J01023,DEVYANI IS Equity,Devyani International Ltd,--,--,165.29
112,Divi's Laboratories Ltd,Healthcare,DIVISLAB,EQ,INE361B01024,DIVI IS Equity,Divi's Laboratories Ltd,--,--,4629.7002
113,EIH Ltd,Consumer Services,EIHOTEL,EQ,INE230A01023,EIH IS Equity,EIH Ltd,--,--,429.35
114,EPL Ltd,Capital Goods,EPL,EQ,INE255A01020,EPLL IS Equity,EPL Ltd,--,--,228.78
115,Easy Trip Planners Ltd,Consumer Services,EASEMYTRIP,EQ,INE07O001026,EASEMYTR IS Equity,Easy Trip Planners Ltd,--,--,41.79
116,Eicher Motors Ltd,Automobile and Auto Components,EICHERMOT,EQ,INE066A01021,EIM IS Equity,Eicher Motors Ltd,--,--,4737.2998
117,Elgi Equipments Ltd,Capital Goods,ELGIEQUIP,EQ,INE285A01027,ELEQ IS Equity,Elgi Equipments Ltd,--,--,737.85
118,Emami Ltd,Fast Moving Consumer Goods,EMAMILTD,EQ,INE548C01032,HMN IS Equity,Emami Ltd,--,--,724.2
119,Endurance Technologies Ltd,Automobile and Auto Components,ENDURANCE,EQ,INE913H01037,ENDU IS Equity,Endurance Technologies Ltd,--,--,2727.3
120,Engineers India Ltd,Construction,ENGINERSIN,EQ,INE510A01028,ENGR IS Equity,Engineers India Ltd,--,--,268.5
121,Equitas Small Finance Bank Ltd,Financial Services,EQUITASBNK,EQ,INE063P01018,EQUITASB IS Equity,Equitas Small Finance Bank Ltd,--,--,92.1
122,Eris Lifesciences Ltd,Healthcare,ERIS,EQ,INE406M01024,ERIS IS Equity,Eris Lifesciences Ltd,--,--,1011.95
123,Escorts Kubota Ltd,Capital Goods,ESCORTS,EQ,INE042A01014,ESCORTS IS Equity,Escorts Kubota Ltd,--,--,4130.75
124,Exide Industries Ltd,Automobile and Auto Components,EXIDEIND,EQ,INE302A01020,EXID IS Equity,Exide Industries Ltd,--,--,567.95
125,FSN E-Commerce Ventures Ltd,Consumer Services,NYKAA,EQ,INE388Y01029,NYKAA IS Equity,FSN E-Commerce Ventures Ltd,--,--,177.2
126,Federal Bank Ltd,Financial Services,FEDERALBNK,EQ,INE171A01029,FB IS Equity,Federal Bank Ltd,--,--,186.19
127,Fine Organic Industries Ltd,Chemicals,FINEORG,EQ,INE686Y01026,FINEORG IS Equity,Fine Organic Industries Ltd,--,--,5342.7002
128,Finolex Cables Ltd,Capital Goods,FINCABLES,EQ,INE235A01022,FNXC IS Equity,Finolex Cables Ltd,--,--,1666.5
129,Finolex Industries Ltd,Capital Goods,FINPIPE,EQ,INE183A01024,FNXP IS Equity,Finolex Industries Ltd,--,--,323.15
130,Firstsource Solutions Ltd,Services,FSL,EQ,INE684F01012,FSOL IS Equity,Firstsource Solutions Ltd,--,--,235.71
131,Five-Star Business Finance Ltd,Financial Services,FIVESTAR,EQ,INE128S01021,FIVESTAR IS Equity,Five-Star Business Finance Ltd,--,--,799.1
132,Fortis Healthcare Ltd,Healthcare,FORTIS,EQ,INE061F01013,FORH IS Equity,Fortis Healthcare Ltd,--,--,461.65
133,GMM Pfaudler Ltd,Capital Goods,GMMPFAUDLR,EQ,INE541A01023,GMM IS Equity,GMM Pfaudler Ltd,--,--,1410.55
134,GMR Airports Infrastructure Ltd,Services,GMRINFRA,EQ,INE776C01039,GMRI IS Equity,GMR Airports Infrastructure Ltd,--,--,96.23
135,Garden Reach Shipbuilders & Engineers Ltd,Capital Goods,GRSE,EQ,INE382Z01011,GRSE IS Equity,Garden Reach Shipbuilders & Engineers Ltd,--,--,2710.6499
136,Gillette India Ltd,Fast Moving Consumer Goods,GILLETTE,EQ,INE322A01010,GILL IS Equity,Gillette India Ltd,--,--,7203.5498
137,Gland Pharma Ltd,Healthcare,GLAND,EQ,INE068V01023,GLAND IS Equity,Gland Pharma Ltd,--,--,1839.75
138,Glenmark Life Sciences Ltd,Healthcare,GLS,EQ,INE03Q201024,GLS IS Equity,Glenmark Life Sciences Ltd,--,--,908.35
139,Glenmark Pharmaceuticals Ltd,Healthcare,GLENMARK,EQ,INE935A01035,GNP IS Equity,Glenmark Pharmaceuticals Ltd,--,--,1338.15
140,Godfrey Phillips India Ltd,Fast Moving Consumer Goods,GODFRYPHLP,EQ,INE260B01028,GP IS Equity,Godfrey Phillips India Ltd,--,--,4333.1001
141,Godrej Consumer Products Ltd,Fast Moving Consumer Goods,GODREJCP,EQ,INE102D01028,GCPL IS Equity,Godrej Consumer Products Ltd,--,--,1373.8
142,Godrej Industries Ltd,Diversified,GODREJIND,EQ,INE233A01035,GDSP IS Equity,Godrej Industries Ltd,--,--,893.05
143,Godrej Properties Ltd,Realty,GODREJPROP,EQ,INE484J01027,GPL IS Equity,Godrej Properties Ltd,--,--,3281.7
144,Granules India Ltd,Healthcare,GRANULES,EQ,INE101D01020,GRAN IS Equity,Granules India Ltd,--,--,526.0
145,Graphite India Ltd,Capital Goods,GRAPHITE,EQ,INE371A01025,GRIL IS Equity,Graphite India Ltd,--,--,571.65
146,Grasim Industries Ltd,Construction Materials,GRASIM,EQ,INE047A01021,GRASIM IS Equity,Grasim Industries Ltd,--,--,2748.0
147,Grindwell Norton Ltd,Capital Goods,GRINDWELL,EQ,INE536A01023,GWN IS Equity,Grindwell Norton Ltd,--,--,2856.3501
148,Gujarat Ambuja Exports Ltd,Fast Moving Consumer Goods,GAEL,EQ,INE036B01030,GAEX IS Equity,Gujarat Ambuja Exports Ltd,--,--,140.61
149,Gujarat Fluorochemicals Ltd,Chemicals,FLUOROCHEM,EQ,INE09N301011,FLUOROCH IS Equity,Gujarat Fluorochemicals Ltd,--,--,3265.3501
150,Gujarat Gas Ltd,Oil Gas & Consumable Fuels,GUJGASLTD,EQ,INE844O01030,GUJGA IS Equity,Gujarat Gas Ltd,--,--,644.4
151,Gujarat Pipavav Port Ltd,Services,GPPL,EQ,INE517F01014,GPPV IS Equity,Gujarat Pipavav Port Ltd,--,--,224.17
152,Gujarat State Fertilizers & Chemicals Ltd,Chemicals,GSFC,EQ,INE026A01025,GSFC IS Equity,Gujarat State Fertilizers & Chemicals Ltd,--,--,243.48
153,Gujarat State Petronet Ltd,Oil Gas & Consumable Fuels,GSPL,EQ,INE246F01010,GUJS IS Equity,Gujarat State Petronet Ltd,--,--,311.6
154,HBL Power Systems Ltd,Automobile and Auto Components,HBLPOWER,EQ,INE292B01021,HBPS IS Equity,HBL Power Systems Ltd,--,--,569.65
155,HCL Technologies Ltd,Information Technology,HCLTECH,EQ,INE860A01027,HCLT IS Equity,HCL Technologies Ltd,--,--,1519.4
156,HDFC Bank Ltd,Financial Services,HDFCBANK,EQ,INE040A01034,HDFCB IS Equity,HDFC Bank Ltd,--,--,1648.1
157,HFCL Ltd,Telecommunication,HFCL,EQ,INE548A01028,HMFC IS Equity,HFCL Ltd,--,--,130.36
158,Happiest Minds Technologies Ltd,Information Technology,HAPPSTMNDS,EQ,INE419U01012,HAPPSTMN IS Equity,Happiest Minds Technologies Ltd,--,--,826.65
159,Happy Forgings Ltd,Capital Goods,HAPPYFORGE,EQ,INE330T01021,HAPPYFOR IS Equity,Happy Forgings Ltd,--,--,1262.5
160,Havells India Ltd,Consumer Durables,HAVELLS,EQ,INE176B01034,HAVL IS Equity,Havells India Ltd,--,--,1893.65
161,Hero MotoCorp Ltd,Automobile and Auto Components,HEROMOTOCO,EQ,INE158A01026,HMCL IS Equity,Hero MotoCorp Ltd,--,--,5558.0498
162,Himadri Speciality Chemical Ltd,Chemicals,HSCL,EQ,INE019C01026,HSCH IS Equity,Himadri Speciality Chemical Ltd,--,--,403.3
163,Hindalco Industries Ltd,Metals & Mining,HINDALCO,EQ,INE038A01020,HNDL IS Equity,Hindalco Industries Ltd,--,--,699.15
164,Hindustan Aeronautics Ltd,Capital Goods,HAL,EQ,INE066F01020,HNAL IS Equity,Hindustan Aeronautics Ltd,--,--,5552.0
165,Hindustan Copper Ltd,Metals & Mining,HINDCOPPER,EQ,INE531E01026,HCP IS Equity,Hindustan Copper Ltd,--,--,330.8
166,Hindustan Unilever Ltd,Fast Moving Consumer Goods,HINDUNILVR,EQ,INE030A01027,HUVR IS Equity,Hindustan Unilever Ltd,--,--,2547.0
167,Hindustan Zinc Ltd,Metals & Mining,HINDZINC,EQ,INE267A01025,HZ IS Equity,Hindustan Zinc Ltd,--,--,693.15
168,Hitachi Energy India Ltd,Capital Goods,POWERINDIA,EQ,INE07Y701011,POWERIND IS Equity,Hitachi Energy India Ltd,--,--,14019.5498
169,Honasa Consumer Ltd,Fast Moving Consumer Goods,HONASA,EQ,INE0J5401028,HONASA IS Equity,Honasa Consumer Ltd,--,--,482.35
170,Honeywell Automation India Ltd,Capital Goods,HONAUT,EQ,INE671A01010,HWA IS Equity,Honeywell Automation India Ltd,--,--,57581.0508
171,ICICI Bank Ltd,Financial Services,ICICIBANK,EQ,INE090A01021,ICICIBC IS Equity,ICICI Bank Ltd,--,--,1233.4
172,ICICI Securities Ltd,Financial Services,ISEC,EQ,INE763G01038,ISEC IS Equity,ICICI Securities Ltd,--,--,780.6
173,IDBI Bank Ltd,Financial Services,IDBI,EQ,INE008A01015,IDBI IS Equity,IDBI Bank Ltd,--,--,84.82
174,IDFC First Bank Ltd,Financial Services,IDFCFIRSTB,EQ,INE092T01019,IDFCFB IS Equity,IDFC First Bank Ltd,--,--,81.19
175,IDFC Ltd,Financial Services,IDFC,EQ,INE043D01016,IDFC IS Equity,IDFC Ltd,--,--,121.3
176,IIFL Finance Ltd,Financial Services,IIFL,EQ,INE530B01024,IIFL IS Equity,IIFL Finance Ltd,--,--,523.1
177,IRB Infrastructure Developers Ltd,Construction,IRB,EQ,INE821I01022,IRB IS Equity,IRB Infrastructure Developers Ltd,--,--,67.56
178,IRCON International Ltd,Construction,IRCON,EQ,INE962Y01021,IRCON IS Equity,IRCON International Ltd,--,--,307.75
179,ITC Ltd,Fast Moving Consumer Goods,ITC,EQ,INE154A01025,ITC IS Equity,ITC Ltd,--,--,433.65
180,ITI Ltd,Telecommunication,ITI,EQ,INE248A01017,ITI IS Equity,ITI Ltd,--,--,310.3
181,Indiabulls Housing Finance Ltd,Financial Services,IBULHSGFIN,EQ,INE148I01020,IHFL IS Equity,Indiabulls Housing Finance Ltd,--,--,170.72
182,Indian Bank,Financial Services,INDIANB,EQ,INE562A01011,INBK IS Equity,Indian Bank,--,--,538.85
183,Indian Energy Exchange Ltd,Financial Services,IEX,EQ,INE022Q01020,IEX IS Equity,Indian Energy Exchange Ltd,--,--,184.35
184,Indian Overseas Bank,Financial Services,IOB,EQ,INE565A01014,IOB IS Equity,Indian Overseas Bank,--,--,62.99
185,Indigo Paints Ltd,Consumer Durables,INDIGOPNTS,EQ,INE09VQ01012,INDIGOPN IS Equity,Indigo Paints Ltd,--,--,1399.9
186,Indraprastha Gas Ltd,Oil Gas & Consumable Fuels,IGL,EQ,INE203G01027,IGL IS Equity,Indraprastha Gas Ltd,--,--,522.3
187,Indus Towers Ltd,Telecommunication,INDUSTOWER,EQ,INE121J01017,INDUSTOW IS Equity,Indus Towers Ltd,--,--,395.65
188,IndusInd Bank Ltd,Financial Services,INDUSINDBK,EQ,INE095A01012,IIB IS Equity,IndusInd Bank Ltd,--,--,1434.25
189,Infosys Ltd,Information Technology,INFY,EQ,INE009A01021,INFO IS Equity,Infosys Ltd,--,--,1647.45
190,Inox Wind Ltd,Capital Goods,INOXWIND,EQ,INE066P01011,INXW IS Equity,Inox Wind Ltd,--,--,158.8
191,Intellect Design Arena Ltd,Information Technology,INTELLECT,EQ,INE306R01017,INDA IS Equity,Intellect Design Arena Ltd,--,--,1085.45
192,InterGlobe Aviation Ltd,Services,INDIGO,EQ,INE646L01027,INDIGO IS Equity,InterGlobe Aviation Ltd,--,--,4322.8999
193,Ipca Laboratories Ltd,Healthcare,IPCALAB,EQ,INE571A01038,IPCA IS Equity,Ipca Laboratories Ltd,--,--,1192.75
194,JBM Auto Ltd,Automobile and Auto Components,JBMA,EQ,INE927D01044,JBMA IS Equity,JBM Auto Ltd,--,--,2149.6001
195,JK Lakshmi Cement Ltd,Construction Materials,JKLAKSHMI,EQ,INE786A01032,JKLC IS Equity,JK Lakshmi Cement Ltd,--,--,870.6
196,JK Paper Ltd,Forest Materials,JKPAPER,EQ,INE789E01012,JKPAPER IS Equity,JK Paper Ltd,--,--,576.15
197,JM Financial Ltd,Financial Services,JMFINANCIL,EQ,INE780C01023,JM IS Equity,JM Financial Ltd,--,--,98.24
198,JSW Energy Ltd,Power,JSWENERGY,EQ,INE121E01018,JSW IS Equity,JSW Energy Ltd,--,--,736.6
199,JSW Infrastructure Ltd,Services,JSWINFRA,EQ,INE880J01026,JSWINFRA IS Equity,JSW Infrastructure Ltd,--,--,356.65
200,JSW Steel Ltd,Metals & Mining,JSWSTEEL,EQ,INE019A01038,JSTL IS Equity,JSW Steel Ltd,--,--,954.05
201,Jai Balaji Industries Ltd,Metals & Mining,JAIBALAJI,BE,INE091G01018,JBIL IS Equity,Jai Balaji Industries Ltd,--,--,920.55
202,Jindal Saw Ltd,Capital Goods,JINDALSAW,EQ,INE324A01024,JSAW IS Equity,Jindal Saw Ltd,--,--,552.0
203,Jindal Stainless Ltd,Metals & Mining,JSL,EQ,INE220G01021,JDSL IS Equity,Jindal Stainless Ltd,--,--,827.8
204,Jindal Steel & Power Ltd,Metals & Mining,JINDALSTEL,EQ,INE749A01030,JSP IS Equity,Jindal Steel & Power Ltd,--,--,1050.5
205,Jio Financial Services Ltd,Financial Services,JIOFIN,EQ,INE758E01017,JIOFIN IS Equity,Jio Financial Services Ltd,--,--,352.75
206,Jubilant Foodworks Ltd,Consumer Services,JUBLFOOD,EQ,INE797F01020,JUBI IS Equity,Jubilant Foodworks Ltd,--,--,570.55
207,Jubilant Ingrevia Ltd,Chemicals,JUBLINGREA,EQ,INE0BY001018,JUBLINGR IS Equity,Jubilant Ingrevia Ltd,--,--,536.35
208,Jubilant Pharmova Ltd,Healthcare,JUBLPHARMA,EQ,INE700A01033,JUBLPHAR IS Equity,Jubilant Pharmova Ltd,--,--,751.4
209,Jupiter Wagons Ltd,Capital Goods,JWL,EQ,INE209L01016,JWL IS Equity,Jupiter Wagons Ltd,--,--,730.0
210,Jyothy Labs Ltd,Fast Moving Consumer Goods,JYOTHYLAB,EQ,INE668F01031,JYL IS Equity,Jyothy Labs Ltd,--,--,471.45
211,KEI Industries Ltd,Capital Goods,KEI,EQ,INE878B01027,KEII IS Equity,KEI Industries Ltd,--,--,4691.4502
212,KNR Constructions Ltd,Construction,KNRCON,EQ,INE634I01029,KNRC IS Equity,KNR Constructions Ltd,--,--,355.05
213,KPIT Technologies Ltd,Information Technology,KPITTECH,EQ,INE04I401011,KPITTECH IS Equity,KPIT Technologies Ltd,--,--,1693.95
214,KRBL Ltd,Fast Moving Consumer Goods,KRBL,EQ,INE001B01026,KRB IS Equity,KRBL Ltd,--,--,316.95
215,KSB Ltd,Capital Goods,KSB,EQ,INE999A01015,KSB IS Equity,KSB Ltd,--,--,4925.7998
216,Kajaria Ceramics Ltd,Consumer Durables,KAJARIACER,EQ,INE217B01036,KJC IS Equity,Kajaria Ceramics Ltd,--,--,1476.25
217,Kalpataru Projects International Ltd,Construction,KPIL,EQ,INE220B01022,KPIL IS Equity,Kalpataru Projects International Ltd,--,--,1228.0
218,Kalyan Jewellers India Ltd,Consumer Durables,KALYANKJIL,EQ,INE303R01014,KALYANKJ IS Equity,Kalyan Jewellers India Ltd,--,--,495.3
219,Kansai Nerolac Paints Ltd,Consumer Durables,KANSAINER,EQ,INE531A01024,KNPL IS Equity,Kansai Nerolac Paints Ltd,--,--,266.95
220,Kaynes Technology India Ltd,Capital Goods,KAYNES,EQ,INE918Z01012,KAYNES IS Equity,Kaynes Technology India Ltd,--,--,4238.7998
221,Kfin Technologies Ltd,Financial Services,KFINTECH,EQ,INE138Y01010,KFINTECH IS Equity,Kfin Technologies Ltd,--,--,751.1
222,Kotak Mahindra Bank Ltd,Financial Services,KOTAKBANK,EQ,INE237A01028,KMB IS Equity,Kotak Mahindra Bank Ltd,--,--,1852.7
223,Krishna Institute of Medical Sciences Ltd,Healthcare,KIMS,EQ,INE967H01017,KIMS IS Equity,Krishna Institute of Medical Sciences Ltd,--,--,2134.7
224,L&T Finance Ltd,Financial Services,LTF,EQ,INE498L01015,LTF IS Equity,L&T Finance Ltd,--,--,189.91
225,L&T Technology Services Ltd,Information Technology,LTTS,EQ,INE010V01017,LTTS IS Equity,L&T Technology Services Ltd,--,--,5125.3999
226,LIC Housing Finance Ltd,Financial Services,LICHSGFIN,EQ,INE115A01026,LICHF IS Equity,LIC Housing Finance Ltd,--,--,795.7
227,LTIMindtree Ltd,Information Technology,LTIM,EQ,INE214T01019,LTIM IS Equity,LTIMindtree Ltd,--,--,5421.7002
228,Larsen & Toubro Ltd,Construction,LT,EQ,INE018A01030,LT IS Equity,Larsen & Toubro Ltd,--,--,3627.1499
229,Latent View Analytics Ltd,Information Technology,LATENTVIEW,BE,INE0I7C01011,LATENTVI IS Equity,Latent View Analytics Ltd,--,--,519.0
230,Laurus Labs Ltd,Healthcare,LAURUSLABS,EQ,INE947Q01028,LAURUS IS Equity,Laurus Labs Ltd,--,--,477.15
231,Laxmi Organic Industries Ltd,Chemicals,LXCHEM,EQ,INE576O01020,LXCHEM IS Equity,Laxmi Organic Industries Ltd,--,--,268.45
232,Lemon Tree Hotels Ltd,Consumer Services,LEMONTREE,EQ,INE970X01018,LEMONTRE IS Equity,Lemon Tree Hotels Ltd,--,--,148.15
233,Linde India Ltd,Chemicals,LINDEINDIA,EQ,INE473A01011,LIIL IS Equity,Linde India Ltd,--,--,9011.2002
234,Lupin Ltd,Healthcare,LUPIN,EQ,INE326A01037,LPC IS Equity,Lupin Ltd,--,--,1770.2
235,MMTC Ltd,Services,MMTC,EQ,INE123F01029,MMTC IS Equity,MMTC Ltd,--,--,85.21
236,MRF Ltd,Automobile and Auto Components,MRF,EQ,INE883A01011,MRF IS Equity,MRF Ltd,--,--,128951.0469
237,MTAR Technologies Ltd,Capital Goods,MTARTECH,EQ,INE864I01014,MTARTECH IS Equity,MTAR Technologies Ltd,--,--,2001.0
238,Macrotech Developers Ltd,Realty,LODHA,EQ,INE670K01029,LODHA IS Equity,Macrotech Developers Ltd,--,--,1533.9
239,Mahanagar Gas Ltd,Oil Gas & Consumable Fuels,MGL,EQ,INE002S01010,MAHGL IS Equity,Mahanagar Gas Ltd,--,--,1699.4
240,Maharashtra Seamless Ltd,Capital Goods,MAHSEAMLES,EQ,INE271B01025,MHS IS Equity,Maharashtra Seamless Ltd,--,--,653.35
241,Mahindra & Mahindra Financial Services Ltd,Financial Services,M&MFIN,EQ,INE774D01024,MMFS IS Equity,Mahindra & Mahindra Financial Services Ltd,--,--,300.5
242,Mahindra & Mahindra Ltd,Automobile and Auto Components,M&M,EQ,INE101A01026,MM IS Equity,Mahindra & Mahindra Ltd,--,--,2880.6001
243,Mahindra Holidays & Resorts India Ltd,Consumer Services,MHRIL,EQ,INE998I01010,MHRL IS Equity,Mahindra Holidays & Resorts India Ltd,--,--,450.35
244,Mahindra Lifespace Developers Ltd,Realty,MAHLIFE,EQ,INE813A01018,MLIFE IS Equity,Mahindra Lifespace Developers Ltd,--,--,625.0
245,Manappuram Finance Ltd,Financial Services,MANAPPURAM,EQ,INE522D01027,MGFL IS Equity,Manappuram Finance Ltd,--,--,209.92
246,Mangalore Refinery & Petrochemicals Ltd,Oil Gas & Consumable Fuels,MRPL,EQ,INE103A01014,MRPL IS Equity,Mangalore Refinery & Petrochemicals Ltd,--,--,217.96
247,Mankind Pharma Ltd,Healthcare,MANKIND,EQ,INE634S01028,MANKIND IS Equity,Mankind Pharma Ltd,--,--,2137.8501
248,Marico Ltd,Fast Moving Consumer Goods,MARICO,EQ,INE196A01026,MRCO IS Equity,Marico Ltd,--,--,615.35
249,Maruti Suzuki India Ltd,Automobile and Auto Components,MARUTI,EQ,INE585B01010,MSIL IS Equity,Maruti Suzuki India Ltd,--,--,12104.0498
250,Mastek Ltd,Information Technology,MASTEK,EQ,INE759A01021,MAST IS Equity,Mastek Ltd,--,--,2838.7
251,Max Financial Services Ltd,Financial Services,MFSL,EQ,INE180A01020,MAXF IS Equity,Max Financial Services Ltd,--,--,996.1
252,Max Healthcare Institute Ltd,Healthcare,MAXHEALTH,EQ,INE027H01010,MAXHEALT IS Equity,Max Healthcare Institute Ltd,--,--,913.8
253,Medplus Health Services Ltd,Consumer Services,MEDPLUS,EQ,INE804L01022,MEDPLUS IS Equity,Medplus Health Services Ltd,--,--,669.3
254,Metro Brands Ltd,Consumer Durables,METROBRAND,EQ,INE317I01021,METROBRA IS Equity,Metro Brands Ltd,--,--,1217.45
255,Metropolis Healthcare Ltd,Healthcare,METROPOLIS,EQ,INE112L01020,METROHL IS Equity,Metropolis Healthcare Ltd,--,--,2037.9
256,Motherson Sumi Wiring India Ltd,Automobile and Auto Components,MSUMI,EQ,INE0FS801015,MSUMI IS Equity,Motherson Sumi Wiring India Ltd,--,--,73.39
257,Motilal Oswal Financial Services Ltd,Financial Services,MOTILALOFS,EQ,INE338I01027,MOFS IS Equity,Motilal Oswal Financial Services Ltd,--,--,551.7
258,Multi Commodity Exchange of India Ltd,Financial Services,MCX,EQ,INE745G01035,MCX IS Equity,Multi Commodity Exchange of India Ltd,--,--,3984.3
259,Muthoot Finance Ltd,Financial Services,MUTHOOTFIN,EQ,INE414G01012,MUTH IS Equity,Muthoot Finance Ltd,--,--,1810.6
260,NHPC Ltd,Power,NHPC,EQ,INE848E01016,NHPC IS Equity,NHPC Ltd,--,--,103.82
261,NLC India Ltd,Power,NLCINDIA,EQ,INE589A01014,NLC IS Equity,NLC India Ltd,--,--,261.43
262,NMDC Ltd,Metals & Mining,NMDC,EQ,INE584A01023,NMDC IS Equity,NMDC Ltd,--,--,252.28
263,NMDC Steel Ltd,Metals & Mining,NSLNISP,EQ,INE0NNS01018,NSLNISP IS Equity,NMDC Steel Ltd,--,--,57.46
264,NTPC Ltd,Power,NTPC,EQ,INE733E01010,NTPC IS Equity,NTPC Ltd,--,--,379.8
265,Narayana Hrudayalaya Ltd,Healthcare,NH,EQ,INE410P01011,NARH IS Equity,Narayana Hrudayalaya Ltd,--,--,1249.65
266,Navin Fluorine International Ltd,Chemicals,NAVINFLUOR,EQ,INE048G01026,NFIL IS Equity,Navin Fluorine International Ltd,--,--,3665.6001
267,Nestle India Ltd,Fast Moving Consumer Goods,NESTLEIND,EQ,INE239A01024,NEST IS Equity,Nestle India Ltd,--,--,2574.1499
268,Network18 Media & Investments Ltd,Media Entertainment & Publication,NETWORK18,EQ,INE870H01013,NETM IS Equity,Network18 Media & Investments Ltd,--,--,85.67
269,Nippon Life India Asset Management Ltd,Financial Services,NAM-INDIA,EQ,INE298J01013,NAM IS Equity,Nippon Life India Asset Management Ltd,--,--,658.2
270,Nuvama Wealth Management Ltd,Financial Services,NUVAMA,EQ,INE531F01015,NUVAMA IS Equity,Nuvama Wealth Management Ltd,--,--,4769.5498
271,Oberoi Realty Ltd,Realty,OBEROIRLTY,EQ,INE093I01010,OBER IS Equity,Oberoi Realty Ltd,--,--,1785.05
272,Oil India Ltd,Oil Gas & Consumable Fuels,OIL,EQ,INE274J01014,OINL IS Equity,Oil India Ltd,--,--,489.5
273,Olectra Greentech Ltd,Automobile and Auto Components,OLECTRA,EQ,INE260D01016,OLECTRA IS Equity,Olectra Greentech Ltd,--,--,1823.35
274,One 97 Communications Ltd,Financial Services,PAYTM,EQ,INE982J01020,PAYTM IS Equity,One 97 Communications Ltd,--,--,436.55
275,Oracle Financial Services Software Ltd,Information Technology,OFSS,EQ,INE881D01027,OFSS IS Equity,Oracle Financial Services Software Ltd,--,--,10425.4502
276,PB Fintech Ltd,Financial Services,POLICYBZR,EQ,INE417T01026,POLICYBZ IS Equity,PB Fintech Ltd,--,--,1379.45
277,PI Industries Ltd,Chemicals,PIIND,EQ,INE603J01030,PI IS Equity,PI Industries Ltd,--,--,3788.5
278,PNB Housing Finance Ltd,Financial Services,PNBHOUSING,EQ,INE572E01012,PNBHOUSI IS Equity,PNB Housing Finance Ltd,--,--,792.6
279,PNC Infratech Ltd,Construction,PNCINFRA,EQ,INE195J01029,PNCL IS Equity,PNC Infratech Ltd,--,--,481.5
280,Page Industries Ltd,Textiles,PAGEIND,EQ,INE761H01022,PAG IS Equity,Page Industries Ltd,--,--,39410.3516
281,Patanjali Foods Ltd,Fast Moving Consumer Goods,PATANJALI,EQ,INE619A01035,PATANJAL IS Equity,Patanjali Foods Ltd,--,--,1648.3
282,Persistent Systems Ltd,Information Technology,PERSISTENT,EQ,INE262H01021,PSYS IS Equity,Persistent Systems Ltd,--,--,4771.25
283,Petronet LNG Ltd,Oil Gas & Consumable Fuels,PETRONET,EQ,INE347G01014,PLNG IS Equity,Petronet LNG Ltd,--,--,337.4
284,Pidilite Industries Ltd,Chemicals,PIDILITIND,EQ,INE318A01026,PIDI IS Equity,Pidilite Industries Ltd,--,--,3099.75
285,Piramal Enterprises Ltd,Financial Services,PEL,EQ,INE140A01024,PIEL IS Equity,Piramal Enterprises Ltd,--,--,935.2
286,Piramal Pharma Ltd,Healthcare,PPLPHARMA,EQ,INE0DK501011,PIRPHARM IS Equity,Piramal Pharma Ltd,--,--,157.99
287,Poly Medicure Ltd,Healthcare,POLYMED,EQ,INE205C01021,PLM IS Equity,Poly Medicure Ltd,--,--,2075.8501
288,Polycab India Ltd,Capital Goods,POLYCAB,EQ,INE455K01017,POLYCAB IS Equity,Polycab India Ltd,--,--,6634.1001
289,Poonawalla Fincorp Ltd,Financial Services,POONAWALLA,EQ,INE511C01022,POONAWAL IS Equity,Poonawalla Fincorp Ltd,--,--,428.7
290,Praj Industries Ltd,Capital Goods,PRAJIND,EQ,INE074A01025,PRJ IS Equity,Praj Industries Ltd,--,--,733.15
291,Prestige Estates Projects Ltd,Realty,PRESTIGE,EQ,INE811K01011,PEPL IS Equity,Prestige Estates Projects Ltd,--,--,1815.2
292,Prism Johnson Ltd,Construction Materials,PRSMJOHNSN,EQ,INE010A01011,PRSMJ IS Equity,Prism Johnson Ltd,--,--,166.58
293,Procter & Gamble Hygiene & Health Care Ltd,Fast Moving Consumer Goods,PGHH,EQ,INE179A01014,PG IS Equity,Procter & Gamble Hygiene & Health Care Ltd,--,--,16614.3008
294,Punjab National Bank,Financial Services,PNB,EQ,INE160A01022,PNB IS Equity,Punjab National Bank,--,--,122.8
295,Quess Corp Ltd,Services,QUESS,EQ,INE615P01015,QUESS IS Equity,Quess Corp Ltd,--,--,631.5
296,RBL Bank Ltd,Financial Services,RBLBANK,EQ,INE976G01028,RBK IS Equity,RBL Bank Ltd,--,--,262.75
297,REC Ltd,Financial Services,RECLTD,EQ,INE020B01018,RECL IS Equity,REC Ltd,--,--,580.45
298,RITES Ltd,Construction,RITES,EQ,INE320J01015,RITE IS Equity,RITES Ltd,--,--,762.7
299,Radico Khaitan Ltd,Fast Moving Consumer Goods,RADICO,EQ,INE944F01028,RDCK IS Equity,Radico Khaitan Ltd,--,--,1716.25
300,Rail Vikas Nigam Ltd,Construction,RVNL,EQ,INE415G01027,RVNL IS Equity,Rail Vikas Nigam Ltd,--,--,491.05
301,Rajesh Exports Ltd,Consumer Durables,RAJESHEXPO,EQ,INE343B01030,RJEX IS Equity,Rajesh Exports Ltd,--,--,287.1
302,Ramkrishna Forgings Ltd,Automobile and Auto Components,RKFORGE,EQ,INE399G01023,RMKF IS Equity,Ramkrishna Forgings Ltd,--,--,984.15
303,Rashtriya Chemicals & Fertilizers Ltd,Chemicals,RCF,EQ,INE027A01015,RCF IS Equity,Rashtriya Chemicals & Fertilizers Ltd,--,--,203.94
304,Ratnamani Metals & Tubes Ltd,Capital Goods,RATNAMANI,EQ,INE703B01027,RMT IS Equity,Ratnamani Metals & Tubes Ltd,--,--,3602.95
305,RattanIndia Enterprises Ltd,Consumer Services,RTNINDIA,EQ,INE834M01019,RATI IS Equity,RattanIndia Enterprises Ltd,--,--,81.84
306,Raymond Ltd,Textiles,RAYMOND,EQ,INE301A01014,RW IS Equity,Raymond Ltd,--,--,3229.5
307,Redington Ltd,Services,REDINGTON,EQ,INE891D01026,REDI IS Equity,Redington Ltd,--,--,215.44
308,Reliance Industries Ltd,Oil Gas & Consumable Fuels,RELIANCE,EQ,INE002A01018,RELIANCE IS Equity,Reliance Industries Ltd,--,--,3177.25
309,Restaurant Brands Asia Ltd,Consumer Services,RBA,EQ,INE07T201019,RBA IS Equity,Restaurant Brands Asia Ltd,--,--,113.53
310,Route Mobile Ltd,Telecommunication,ROUTE,EQ,INE450U01017,ROUTE IS Equity,Route Mobile Ltd,--,--,1765.2
311,SBFC Finance Ltd,Financial Services,SBFC,EQ,INE423Y01016,SBFC IS Equity,SBFC Finance Ltd,--,--,83.46
312,SJVN Ltd,Power,SJVN,EQ,INE002L01015,SJVN IS Equity,SJVN Ltd,--,--,142.17
313,SKF India Ltd,Capital Goods,SKFINDIA,EQ,INE640A01023,SKF IS Equity,SKF India Ltd,--,--,6389.8501
314,SRF Ltd,Chemicals,SRF,EQ,INE647A01010,SRF IS Equity,SRF Ltd,--,--,2400.75
315,Samvardhana Motherson International Ltd,Automobile and Auto Components,MOTHERSON,EQ,INE775A01035,MOTHERSO IS Equity,Samvardhana Motherson International Ltd,--,--,205.0
316,Sanofi India Ltd,Healthcare,SANOFI,EQ,INE058A01010,SANL IS Equity,Sanofi India Ltd,--,--,6577.9502
317,Sapphire Foods India Ltd,Consumer Services,SAPPHIRE,EQ,INE806T01012,SAPPHIRE IS Equity,Sapphire Foods India Ltd,--,--,1582.4
318,Saregama India Ltd,Media Entertainment & Publication,SAREGAMA,EQ,INE979A01025,SARE IS Equity,Saregama India Ltd,--,--,547.85
319,Schaeffler India Ltd,Automobile and Auto Components,SCHAEFFLER,EQ,INE513A01022,SCHFL IS Equity,Schaeffler India Ltd,--,--,4591.1001
320,Schneider Electric Infrastructure Ltd,Capital Goods,SCHNEIDER,EQ,INE839M01018,SCHN IS Equity,Schneider Electric Infrastructure Ltd,--,--,921.8
321,Shree Cement Ltd,Construction Materials,SHREECEM,EQ,INE070A01015,SRCM IS Equity,Shree Cement Ltd,--,--,27528.6992
322,Shree Renuka Sugars Ltd,Fast Moving Consumer Goods,RENUKA,EQ,INE087H01022,SHRS IS Equity,Shree Renuka Sugars Ltd,--,--,48.09
323,Shriram Finance Ltd,Financial Services,SHRIRAMFIN,EQ,INE721A01013,SHFL IS Equity,Shriram Finance Ltd,--,--,2865.8501
324,Siemens Ltd,Capital Goods,SIEMENS,EQ,INE003A01024,SIEM IS Equity,Siemens Ltd,--,--,7885.5498
325,Sobha Ltd,Realty,SOBHA,EQ,INE671H01015,SOBHA IS Equity,Sobha Ltd,--,--,2021.2
326,Solar Industries India Ltd,Chemicals,SOLARINDS,EQ,INE343H01029,SOIL IS Equity,Solar Industries India Ltd,--,--,12160.6504
327,Sonata Software Ltd,Information Technology,SONATSOFTW,EQ,INE269A01021,SSOF IS Equity,Sonata Software Ltd,--,--,636.25
328,State Bank of India,Financial Services,SBIN,EQ,INE062A01020,SBIN IS Equity,State Bank of India,--,--,859.75
329,Steel Authority of India Ltd,Metals & Mining,SAIL,EQ,INE114A01011,SAIL IS Equity,Steel Authority of India Ltd,--,--,155.61
330,Sterlite Technologies Ltd,Telecommunication,STLTECH,EQ,INE089C01029,SOTL IS Equity,Sterlite Technologies Ltd,--,--,139.09
331,Sumitomo Chemical India Ltd,Chemicals,SUMICHEM,EQ,INE258G01013,SUMICHEM IS Equity,Sumitomo Chemical India Ltd,--,--,489.55
332,Sun Pharmaceutical Industries Ltd,Healthcare,SUNPHARMA,EQ,INE044A01036,SUNP IS Equity,Sun Pharmaceutical Industries Ltd,--,--,1568.4
333,Sun TV Network Ltd,Media Entertainment & Publication,SUNTV,EQ,INE424H01027,SUNTV IS Equity,Sun TV Network Ltd,--,--,784.55
334,Sundaram Finance Ltd,Financial Services,SUNDARMFIN,EQ,INE660A01013,SUF IS Equity,Sundaram Finance Ltd,--,--,4597.5
335,Sundram Fasteners Ltd,Automobile and Auto Components,SUNDRMFAST,EQ,INE387A01021,SF IS Equity,Sundram Fasteners Ltd,--,--,1407.6
336,Sunteck Realty Ltd,Realty,SUNTECK,EQ,INE805D01034,SRIN IS Equity,Sunteck Realty Ltd,--,--,539.6
337,Supreme Industries Ltd,Capital Goods,SUPREMEIND,EQ,INE195A01028,SI IS Equity,Supreme Industries Ltd,--,--,6039.75
338,Suven Pharmaceuticals Ltd,Healthcare,SUVENPHAR,EQ,INE03QK01018,SUVENPHA IS Equity,Suven Pharmaceuticals Ltd,--,--,813.6
339,Suzlon Energy Ltd,Capital Goods,SUZLON,EQ,INE040H01021,SUEL IS Equity,Suzlon Energy Ltd,--,--,55.49
340,Swan Energy Ltd,Diversified,SWANENERGY,EQ,INE665A01038,SWAN IS Equity,Swan Energy Ltd,--,--,659.65
341,Syngene International Ltd,Healthcare,SYNGENE,EQ,INE398R01022,SYNG IS Equity,Syngene International Ltd,--,--,731.95
342,Syrma SGS Technology Ltd,Capital Goods,SYRMA,EQ,INE0DYJ01015,SYRMA IS Equity,Syrma SGS Technology Ltd,--,--,502.0
343,TV18 Broadcast Ltd,Media Entertainment & Publication,TV18BRDCST,EQ,INE886H01027,TV18 IS Equity,TV18 Broadcast Ltd,--,--,44.88
344,Tamilnad Mercantile Bank Ltd,Financial Services,TMB,EQ,INE668A01016,TMB IS Equity,Tamilnad Mercantile Bank Ltd,--,--,482.5
345,Tanla Platforms Ltd,Information Technology,TANLA,EQ,INE483C01032,TANLA IS Equity,Tanla Platforms Ltd,--,--,951.9
346,Tata Chemicals Ltd,Chemicals,TATACHEM,EQ,INE092A01019,TTCH IS Equity,Tata Chemicals Ltd,--,--,1101.75
347,Tata Communications Ltd,Telecommunication,TATACOMM,EQ,INE151A01013,TCOM IS Equity,Tata Communications Ltd,--,--,1888.3
348,Tata Consultancy Services Ltd,Information Technology,TCS,EQ,INE467B01029,TCS IS Equity,Tata Consultancy Services Ltd,--,--,4011.8
349,Tata Consumer Products Ltd,Fast Moving Consumer Goods,TATACONSUM,EQ,INE192A01025,TATACONS IS Equity,Tata Consumer Products Ltd,--,--,1137.4
350,Tata Elxsi Ltd,Information Technology,TATAELXSI,EQ,INE670A01012,TELX IS Equity,Tata Elxsi Ltd,--,--,7054.4502
351,Tata Motors Ltd,Automobile and Auto Components,TATAMOTORS,EQ,INE155A01022,TTMT/A IS Equity,Tata Motors Ltd,--,--,678.65
352,Tata Motors Ltd,Automobile and Auto Components,TATAMOTORS,EQ,INE155A01022,TTMT IS Equity,Tata Motors Ltd,--,--,993.65
353,Tata Steel Ltd,Metals & Mining,TATASTEEL,EQ,INE081A01020,TATA IS Equity,Tata Steel Ltd,--,--,174.71
354,Tata Technologies Ltd,Information Technology,TATATECH,EQ,INE142M01025,TATATECH IS Equity,Tata Technologies Ltd,--,--,1010.35
355,Tech Mahindra Ltd,Information Technology,TECHM,EQ,INE669C01036,TECHM IS Equity,Tech Mahindra Ltd,--,--,1461.35
356,Tejas Networks Ltd,Telecommunication,TEJASNET,EQ,INE010J01012,TEJASNET IS Equity,Tejas Networks Ltd,--,--,1439.1
357,Thermax Ltd,Capital Goods,THERMAX,EQ,INE152A01029,TMX IS Equity,Thermax Ltd,--,--,5631.0498
358,Timken India Ltd,Capital Goods,TIMKEN,EQ,INE325A01013,TMKN IS Equity,Timken India Ltd,--,--,4335.3501
359,Torrent Pharmaceuticals Ltd,Healthcare,TORNTPHARM,EQ,INE685A01028,TRP IS Equity,Torrent Pharmaceuticals Ltd,--,--,2891.1001
360,Torrent Power Ltd,Power,TORNTPOWER,EQ,INE813H01021,TPW IS Equity,Torrent Power Ltd,--,--,1509.5
361,Trent Ltd,Consumer Services,TRENT,EQ,INE849A01020,TRENT IS Equity,Trent Ltd,--,--,5619.8999
362,Triveni Engineering & Industries Ltd,Fast Moving Consumer Goods,TRIVENI,EQ,INE256C01024,TRE IS Equity,Triveni Engineering & Industries Ltd,--,--,395.15
363,Triveni Turbine Ltd,Capital Goods,TRITURBINE,EQ,INE152M01016,TRIV IS Equity,Triveni Turbine Ltd,--,--,635.0
364,Tube Investments of India Ltd,Automobile and Auto Components,TIINDIA,EQ,INE974X01010,TIINDIA IS Equity,Tube Investments of India Ltd,--,--,4231.7998
365,UCO Bank,Financial Services,UCOBANK,EQ,INE691A01018,UCO IS Equity,UCO Bank,--,--,54.54
366,UNO Minda Ltd,Automobile and Auto Components,UNOMINDA,EQ,INE405E01023,UNOMINDA IS Equity,UNO Minda Ltd,--,--,1163.9
367,UPL Ltd,Chemicals,UPL,EQ,INE628A01036,UPLL IS Equity,UPL Ltd,--,--,572.7
368,Ujjivan Small Finance Bank Ltd,Financial Services,UJJIVANSFB,EQ,INE551W01018,UJJIVANS IS Equity,Ujjivan Small Finance Bank Ltd,--,--,44.84
369,UltraTech Cement Ltd,Construction Materials,ULTRACEMCO,EQ,INE481G01011,UTCEM IS Equity,UltraTech Cement Ltd,--,--,11690.1504
370,United Breweries Ltd,Fast Moving Consumer Goods,UBL,EQ,INE686F01025,UBBL IS Equity,United Breweries Ltd,--,--,2072.6001
371,United Spirits Ltd,Fast Moving Consumer Goods,UNITDSPR,EQ,INE854D01024,UNITDSPR IS Equity,United Spirits Ltd,--,--,1254.15
372,Usha Martin Ltd,Capital Goods,USHAMART,EQ,INE228A01035,USM IS Equity,Usha Martin Ltd,--,--,411.2
373,V-Guard Industries Ltd,Consumer Durables,VGUARD,EQ,INE951I01027,VGRD IS Equity,V-Guard Industries Ltd,--,--,476.5
374,Vaibhav Global Ltd,Consumer Durables,VAIBHAVGBL,EQ,INE884A01027,VGM IS Equity,Vaibhav Global Ltd,--,--,337.35
375,Vardhman Textiles Ltd,Textiles,VTL,EQ,INE825A01020,VTEX IS Equity,Vardhman Textiles Ltd,--,--,535.9
376,Varroc Engineering Ltd,Automobile and Auto Components,VARROC,EQ,INE665L01035,VARROC IS Equity,Varroc Engineering Ltd,--,--,672.3
377,Varun Beverages Ltd,Fast Moving Consumer Goods,VBL,EQ,INE200M01021,VBL IS Equity,Varun Beverages Ltd,--,--,1614.15
378,Vedant Fashions Ltd,Consumer Services,MANYAVAR,EQ,INE825V01034,MANYAVAR IS Equity,Vedant Fashions Ltd,--,--,1094.65
379,Vedanta Ltd,Metals & Mining,VEDL,EQ,INE205A01025,VEDL IS Equity,Vedanta Ltd,--,--,473.85
380,Vodafone Idea Ltd,Telecommunication,IDEA,EQ,INE669E01016,IDEA IS Equity,Vodafone Idea Ltd,--,--,17.09
381,Voltas Ltd,Consumer Durables,VOLTAS,EQ,INE226A01021,VOLT IS Equity,Voltas Ltd,--,--,1452.75
382,Welspun Corp Ltd,Capital Goods,WELCORP,EQ,INE191B01025,WLCO IS Equity,Welspun Corp Ltd,--,--,616.4
383,Welspun Living Ltd,Textiles,WELSPUNLIV,EQ,INE192B01031,WELSPUNL IS Equity,Welspun Living Ltd,--,--,151.45
384,Westlife Foodworld Ltd,Consumer Services,WESTLIFE,EQ,INE274F01020,WESTLIFE IS Equity,Westlife Foodworld Ltd,--,--,853.6
385,Whirlpool of India Ltd,Consumer Durables,WHIRLPOOL,EQ,INE716A01013,WHIRL IS Equity,Whirlpool of India Ltd,--,--,2022.35
386,Wipro Ltd,Information Technology,WIPRO,EQ,INE075A01022,WPRO IS Equity,Wipro Ltd,--,--,535.1
387,Yes Bank Ltd,Financial Services,YESBANK,EQ,INE528G01035,YES IS Equity,Yes Bank Ltd,--,--,26.64
388,ZF Commercial Vehicle Control Systems India Ltd,Automobile and Auto Components,ZFCVINDIA,EQ,INE342J01019,ZCVCS IS Equity,ZF Commercial Vehicle Control Systems India Ltd,--,--,15728.3496
389,Zee Entertainment Enterprises Ltd,Media Entertainment & Publication,ZEEL,EQ,INE256A01028,Z IS Equity,Zee Entertainment Enterprises Ltd,--,--,151.1
390,Zomato Ltd,Consumer Services,ZOMATO,EQ,INE758T01015,ZOMATO IS Equity,Zomato Ltd,--,--,207.57
391,Zydus Lifesciences Ltd,Healthcare,ZYDUSLIFE,EQ,INE010B01027,ZYDUSLIF IS Equity,Zydus Lifesciences Ltd,--,--,1162.45
392,eClerx Services Ltd,Services,ECLERX,EQ,INE738I01010,ECLX IS Equity,eClerx Services Ltd,--,--,2501.6499
